{
    "0x00124b00226aa136": {
        "state": "OFF"
    },
    "0x00124b00226a86dd": {
        "state": "OFF"
    },
    "0x00158d00057b36c4": {
        "voltage": 3025,
        "battery": 100,
        "contact": true,
        "temperature": 23
    },
    "0x00124b0014da4028": {
        "led": false,
        "description": "21463/0x00158D00039DCC00",
        "type": "CHILD_RFD",
        "rssi": 64
    },
    "0x00158d00053ebfc7": {
        "voltage": 3015,
        "battery": 100,
        "contact": true,
        "temperature": 22
    },
    "0x00158d00047dd694": {
        "voltage": 2975,
        "battery": 86,
        "contact": true,
        "temperature": 28
    },
    "0x00158d0005780bd7": {
        "voltage": 3005,
        "battery": 100,
        "contact": false,
        "temperature": 26
    },
    "0x00158d00043140ba": {
        "voltage": 3005,
        "battery": 100,
        "contact": false,
        "temperature": 29
    },
    "0x00124b00226a8812": {
        "state": "ON"
    },
    "0x00158d0005783c87": {
        "voltage": 2985,
        "battery": 91,
        "contact": true,
        "temperature": 26
    },
    "0x00124b00226a9bb7": {
        "state": "ON"
    },
    "0x00158d000579e272": {
        "voltage": 2985,
        "battery": 91,
        "contact": true,
        "temperature": 23
    },
    "0x00124b0022315263": {
        "state": "OFF",
        "brightness": 254,
        "color_temp": 250,
        "color_mode": "color_temp",
        "color": {
            "x": 0.380438429420364,
            "y": 0.376746069841299
        }
    },
    "0x00158d00052cad86": {
        "voltage": 3015,
        "battery": 100,
        "illuminance": 21,
        "illuminance_lux": 21,
        "temperature": 25,
        "occupancy": false
    },
    "0x00158d00039dcc00": {
        "voltage": 2975,
        "battery": 86,
        "strength": 31,
        "angle": 5,
        "angle_x": 79,
        "angle_y": 5,
        "angle_z": 10,
        "angle_x_absolute": 11,
        "angle_y_absolute": 85
    },
    "0x00158d00054a88f4": {
        "occupancy": false,
        "illuminance": 10,
        "illuminance_lux": 10,
        "voltage": 3015,
        "battery": 100,
        "temperature": 25
    }
}